student_id;discipline;date;grade
S01;Программирование;2026-01-12;5
S01;Математический анализ;2026-01-16;5
S01;Базы данных;2026-01-20;5
S01;Дискретная математика;2026-01-24;5
S01;Физика;2026-01-28;5
S01;Физкультура;2025-12-23;зачёт
S01;Английский язык;2025-12-24;зачёт
S01;История;2025-12-25;зачёт
S01;Философия;2025-12-26;зачёт
S02;Программирование;2026-01-12;5
S02;Математический анализ;2026-01-16;5
S02;Базы данных;2026-01-20;4 
S02;Дискретная математика;2026-01-24;5
S02;Физика;2026-01-28;4
S02;Физкультура;2025-12-23;зачёт
S02;Английский язык;2025-12-24;зачёт
S02;История;2025-12-25;зачёт
S02;Философия;2025-12-26;зачёт
S03;Программирование;2026-01-12;3
S03;Математический анализ;2026-01-16;2
S03;Базы данных;2026-01-20;4
S03;Дискретная математика;2026-01-24;2
S03;Физика;2026-01-28;2
S03;Физкультура;2025-12-23;зачёт
S03;Английский язык;2025-12-24;незачёт
S03;История;2025-12-25;незачёт
S03;Философия;2025-12-26;зачёт
S03;Математический анализ;2026-02-07;3
S04;Программирование;2026-01-12;4
S04;Математический анализ;2026-01-16; 5
S04;Базы данных;2026-01-20;5
S04;Дискретная математика;2026-01-24;4
S04;Физика;2026-01-28;5
S04;Физкультура;2025-12-23;зачёт
S04;Английский язык;2025-12-24;зачёт
S04;История;2025-12-25;зачёт
S04;Философия;2025-12-26;зачёт
S05;Программирование;2026-01-12;4
S05;Математический анализ;2026-01-16;4
S05;Базы данных;2026-01-20;4
S05;Дискретная математика;2026-01-24;5
S05;Физика;2026-01-28;3
S05;Физкультура;2025-12-23;зачёт
S05;Английский язык;2025-12-24;зачёт
S05;История;2025-12-25;зачёт
S05;Философия;2025-12-26;зачёт
S05;Физика;2026-02-12;4
S06;Программирование;2026-01-12;отл
S06;Математический анализ;2026-01-16;5
S06;Базы данных;2026-01-20;5
S06;Дискретная математика;2026-01-24;5
S06;Физика;2026-01-28;4
S06;Физкультура;2025-12-23;зачёт
S06;Английский язык;2025-12-24;зачёт
S06;История;2025-12-25;зачёт
S06;Философия;2025-12-26;зачёт
S07;Программирование;2026-01-12;4
S07;Математический анализ;2026-01-16;5
S07;Базы данных;2026-01-20;4
S07;Дискретная математика;2026-01-24;3
S07;Физика;2026-01-28;4
S07;Физкультура;2025-12-23;зачёт
S07;Английский язык;2025-12-24;зачёт
S07;История;2025-12-25;зачёт
S07;Философия;2025-12-26;зачет
S08;Программирование;2026-01-12;3
S08;Математический анализ;2026-01-16;3
S08;Базы данных;2026-01-20;3
S08;Дискретная математика;2026-01-24;2
S08;Физика;2026-01-28;3
S08;Физкультура;2025-12-23;зачёт
S08;Английский язык;2025-12-24;зачёт
S08;История;2025-12-25;зачёт
S08;Философия;2025-12-26;зачёт
S08;Дискретная математика;2026-02-10;3
S09;Программирование;2026-01-12;5
S09;Программирование;2026-01-12;5
S09;Математический анализ;2026-01-16;4
S09;Базы данных;2026-01-20;4
S09;Дискретная математика;2026-01-24;хор
S09;Физика;2026-01-28;4
S09;Физкультура;2025-12-23;зачёт
S09;Английский язык;2025-12-24;зачёт
S09;История;2025-12-25;зачёт
S09;Философия;2025-12-26;зачёт
S10;Программирование;2026-01-12;4
S10;Математический анализ;2026-01-16;4
S10;Базы данных;2026-01-20;5
S10;Дискретная математика;2026-01-24;зачёт
S10;Физика;2026-01-28;5
S10;Физкультура;2025-12-23;зачёт
S10;Английский язык;2025-12-24;зачёт
S10;История;2025-12-25;зачёт
S10;Философия;2025-12-26;зачёт
S11;Программирование;2026-01-12;2
S11;Математический анализ;2026-01-16;4
S11;Базы данных;2026-01-20;2
S11;Дискретная математика;2026-01-24;4
S11;Физика;2026-01-28;3
S11;Физкультура;2025-12-23;зачёт
S11;Английский язык;2025-12-24;зачёт
S11;История;2025-12-25;незачёт
S11;Философия;2025-12-26;зачёт
S11;История;2026-02-04;зачёт
S11;Программирование;2026-02-06;3
S11;Базы данных;2026-02-09;4
S12;Программирование;2026-01-12;4
S12;Математический анализ;2026-01-16;4
S12;Базы данных;2026-01-20;5
S12;Дискретная математика;2026-01-24;4
S12;Физика;2026-01-28;Отл
S12;Физкультура;2025-12-23;зачёт
S12;Английский язык;2025-12-24;зачёт
S12;История;2025-12-25;зачёт
S12;Философия;2025-12-26;зачёт
S13;Программирование;2026-01-12;2
S13;Математический анализ;2026-01-16;2
S13;Базы данных;2026-01-20;3
S13;Дискретная математика;2026-01-24;3
S13;Физика;2026-01-28;2
S13;Физкультура;2025-12-23;зачёт
S13;Английский язык;2025-12-24;зачёт
S13;История;2025-12-25;незачёт
S13;Философия;2025-12-26;зачёт
S13;Программирование;2026-02-06;2
S13;Программирование;2026-02-20;3
S14;Программирование;2026-01-12;3
S14;Математический анализ;2026-01-16;3
S14;Базы данных;2026-01-20;4
S14;Дискретная математика;2026-01-24;5
S14;Физика;2026-01-28;4
S14;Физкультура;2025-12-23;зачёт
S14;Английский язык;2025-12-24;зачёт
S14;История;2025-12-25;зачёт
S14;Философия;2025-12-26;НЕЗАЧЁТ
S15;Программирование;2026-01-12;4
S15;Математический анализ;2026-01-16;3
S15;Базы данных;2026-01-20;3
S15;Дискретная математика;2026-01-24;3
S15;Физика;2026-01-28;
S15;Физкультура;2025-12-23;зачёт
S15;Английский язык;2025-12-24;зачёт
S15;История;2025-12-25;зачёт
S15;Философия;2025-12-26;зачёт
S16;Программирование;2026-01-12;4
S16;Математический анализ;2026-01-16;5
S16;Базы данных;2026-01-20;5
S16;Дискретная математика;2026-01-24;5
S16;Физика;2026-01-28;6
S16;Физкультура;2025-12-23;зачёт
S16;Английский язык;2025-12-24;зачёт
S16;История;2025-12-25;зачёт
S16;Философия;2025-12-26;зачёт
S17;Программирование;2026-01-12;2
S17;Математический анализ;2026-01-16;3
S17;Базы данных;2026-01-20;4
S17;Дискретная математика;2026-01-24;3
S17;Физика;2026-01-28;3
S17;Физкультура;2025-12-23;зачёт
S17;Английский язык;2025-12-24;незачёт
S17;История;2025-12-25;зачёт
S17;Философия;2025-12-26;зачёт
S17;Английский язык;2026-02-03;зачёт
S17;Программирование;2026-02-06;3
S18;Программирование;2026-01-12;2
S18;Математический анализ;2026-01-16;3
S18;Базы данных;2026-01-20;3
S18;Дискретная математика;2026-01-24;3
S18;Физика;2026-01-28;н/я
S18;Физкультура;2025-12-23;незачёт
S18;Английский язык;2025-12-24;зачёт
S18;История;2025-12-25;незачёт
S18;Философия;2025-12-26;зачёт
S19;Программирование;2026-01-12;2
S19;Математический анализ;2026-01-16;2
S19;Базы данных;2026-01-20;2
S19;Дискретная математика;2026-01-24;3
S19;Физика;2026-01-28;3
S19;Физкультура;2025-12-23;зачёт
S19;Английский язык;2025-12-24;незачёт
S19;История;2025-12-25;зачёт
S19;Философия;2025-12-26;незачёт
S19;Философия;2026-02-05;незачет
S20;Программирование;2026-01-12;5
S20;Математический анализ;2026-01-16;3
S20;Базы данных;2026-01-20;5
S20;Дискретная математика;2026-01-24;4
S20;Физика;2026-01-28;4
S20;Физкультура;2025-12-23;5
S20;Английский язык;2025-12-24;зачёт
S20;История;2025-12-25;зачёт
S20;Философия;2025-12-26;зачёт
S21;Программирование;2026-01-12;4
S21;Математический анализ;2026-01-16;удовл
S21;Базы данных;2026-01-20;4
S21;Дискретная математика;2026-01-24;5
S21;Физика;2026-01-28;5
S21;Физкультура;2025-12-23;зачёт
S21;Английский язык;2025-12-24;зачёт
S21;История;2025-12-25;зачёт
S21;Философия;2025-12-26;зачёт
S22;Программирование;2026-01-12;4
S22;Математический анализ;2026-01-16;5
S22;Базы данных;2026-01-20;5
S22;Дискретная математика;2026-01-24;4
S22;Физика;2026-01-28;5
S22;Физкультура;2025-12-23;зачёт
S22;История;2025-12-25;Зачёт
S22;Философия;2025-12-26;зачёт
S23;Программирование;2026-01-12;4
S23;Математический анализ;2026-01-16;4
S23;Базы данных;2026-01-20;3
S23;Дискретная математика;2026-02-10;4
S23;Дискретная математика;2026-01-24;2
S23;Физика;2026-01-28;3
S23;Физкультура;2025-12-23;зачёт
S23;Английский язык;2025-12-24;зачёт
S23;История;2025-12-25;зачёт
S23;Философия;2025-12-26;зачёт
S24;Программирование;2026-01-12;4
S24;Математический анализ;2026-01-16;5
S24;Базы данных;2026-01-20;4+
S24;Дискретная математика;2026-01-24;4
S24;Физика;2026-01-28;4
S24;Физкультура;2025-12-23;зачёт
S24;Английский язык;2025-12-24;зачёт
S24;История;2025-12-25;зачёт
S24;Философия;2025-12-26;зачёт
S25;Программирование;2026-01-12;4
S25;Математический анализ;2026-01-16;3
S25;Базы данных;2026-01-20;3
S25;Дискретная математика;2026-01-24;2
S25;Физика;2026-02-12;3
S25;Физика;2026-01-28;2
S25;Физкультура;2025-12-23;зачёт
S25;Английский язык;2025-12-24;незачёт
S25;История;2025-12-25;зачёт
S25;Философия;2025-12-26;зачёт
