student_id;fio;group;funding
S01;Иванов Андрей Сергеевич;ИВТм-25-1;бюджет
S02;Петрова Мария Игоревна;ИВТм-25-1;бюджет
S03;Сидоров Олег Павлович;ИВТм-25-1;контракт
S04;Кузнецова Анна Викторовна;ИВТм-25-1;бюджет
S05;Смирнов Дмитрий Алексеевич;ИВТм-25-1;бюджет
S06;Васильева Екатерина Олеговна;ИВТм-25-1;бюджет
S07;Попов Артём Денисович;ИВТм-25-1;бюджет
S08;Новикова Дарья Андреевна;ИВТм-25-1;бюджет
S09;Морозов Илья Романович;ИВТм-25-1;бюджет
S10;Волкова Алина Сергеевна;ИВТм-25-1;контракт
S11;Соколов Максим Ильич;ИВТм-25-1;бюджет
S12;Лебедева Полина Николаевна;ИВТм-25-1;бюджет
S13;Козлов Никита Евгеньевич;ИВТм-25-1;бюджет
S14;Егорова Софья Максимовна;ИВТм-25-1;контракт
S15;Павлов Кирилл Андреевич;ИВТм-25-1;бюджет
S16;Орлова Вероника Дмитриевна;ИВТм-25-1;бюджет
S17;Фёдоров Глеб Витальевич;ИВТм-25-1;бюджет
S18;Макарова Ульяна Павловна;ИВТм-25-1;бюджет
S19;Алексеев Тимофей Игоревич;ИВТм-25-1;бюджет
S20;Захарова Ксения Романовна;ИВТм-25-1;контракт
S21;Григорьев Степан Олегович;ИВТм-25-1;бюджет
S22;Белова Арина Михайловна;ИВТм-25-1;бюджет
S23;Тарасов Роман Сергеевич;ИВТм-25-1;бюджет
S24;Комарова Злата Денисовна;ИВТм-25-1;контракт
S25;Никитин Владислав Юрьевич;ИВТм-25-1;бюджет
